{
  "info": {
    "name": "Wrapper API - Dyad GetRate",
    "description": "Postman collection for testing the Dyad GetRate API wrapper",
    "schema": "https://schema.getpostman.com/json/collection/v2.1.0/collection.json"
  },
  "variable": [
    {
      "key": "baseUrl",
      "value": "https://localhost:5001",
      "type": "string"
    },
    {
      "key": "guid",
      "value": "{{$guid}}",
      "type": "string"
    }
  ],
  "item": [
    {
      "name": "Dyad GetRate - Full Request",
      "request": {
        "method": "POST",
        "header": [
          {
            "key": "Content-Type",
            "value": "application/json",
            "type": "text"
          }
        ],
        "body": {
          "mode": "raw",
          "raw": "{\n  \"SignonRq\": {\n    \"SignonPswd\": {\n      \"CustId\": {\n        \"CustLoginId\": \"SLBGROUP\"\n      },\n      \"CustPswd\": {\n        \"Pswd\": null\n      }\n    }\n  },\n  \"InsuranceSvcRq\": {\n    \"RqUID\": \"{{guid}}\",\n    \"IRH_QuoteNo\": \"TEST-{{$timestamp}}\",\n    \"IRH_Application_Name\": \"Postman Test\",\n    \"IRH_Application_Type\": \"QRB\",\n    \"IRH_Request_Type\": \"QUOTE\",\n    \"comIRH_CarrierRequestExt\": {\n      \"comIRH_CarrierInfoExt\": [\n        {\n          \"IRH_CarrierName\": \"USLI\",\n          \"IRH_ReRateRqUID\": \"\",\n          \"IRH_AdmittedStatus\": \"N\",\n          \"IRH_TimeTaken\": null,\n          \"IRH_OfficeCd\": \"\"\n        }\n      ]\n    },\n    \"comIRH_AdditionalQueRequireExt\": null,\n    \"comIRH_AdditionalQueTypeExt\": null,\n    \"CommlPkgPolicyQuoteInqRq\": {\n      \"FormsRequestedCd\": \"BOTH\",\n      \"SaveIndicationCd\": \"Yes\",\n      \"Producer\": [\n        {\n          \"GeneralPartyInfo\": {\n            \"NameInfo\": {\n              \"CommlName\": {\n                \"CommercialName\": \"Test Producer\"\n              }\n            },\n            \"Communications\": {\n              \"EmailInfo\": {\n                \"EmailAddr\": \"test@example.com\"\n              },\n              \"PhoneInfo\": {\n                \"PhoneNumber\": \"555-555-5555\"\n              }\n            },\n            \"Addr\": {\n              \"Addr1\": \"123 Main St\",\n              \"City\": \"Atlanta\",\n              \"StateProvCd\": \"GA\",\n              \"PostalCode\": \"30301\"\n            }\n          },\n          \"ProducerInfo\": {\n            \"ProducerRoleCd\": \"LoggedInUser\"\n          }\n        }\n      ],\n      \"InsuredOrPrincipal\": {\n        \"GeneralPartyInfo\": {\n          \"NameInfo\": {\n            \"CommlName\": {\n              \"CommercialName\": \"Test Insured Company\"\n            }\n          },\n          \"Addr\": {\n            \"Addr1\": \"456 Business Blvd\",\n            \"City\": \"Atlanta\",\n            \"StateProvCd\": \"GA\",\n            \"PostalCode\": \"30302\"\n          }\n        },\n        \"InsuredOrPrincipalInfo\": {\n          \"InsuredOrPrincipalRoleCd\": \"Insured\"\n        }\n      },\n      \"Policy\": {\n        \"PolicyNumber\": \"\",\n        \"LOBCd\": \"CPKGE\",\n        \"ContractTerm\": {\n          \"EffectiveDt\": \"2025-12-01T00:00:00Z\",\n          \"ExpirationDt\": \"2026-12-01T00:00:00Z\"\n        }\n      },\n      \"BusinessPurposeTypeCd\": \"NBS\",\n      \"TransactionRequestDt\": \"2025-10-28T00:00:00Z\",\n      \"comIRH_GoverningStateExt\": \"GA\"\n    }\n  }\n}",
          "options": {
            "raw": {
              "language": "json"
            }
          }
        },
        "url": {
          "raw": "{{baseUrl}}/api/dyed/getrate",
          "host": ["{{baseUrl}}"],
          "path": ["api", "dyed", "getrate"]
        },
        "description": "Complete Dyad GetRate request with all required fields"
      },
      "response": []
    },
    {
      "name": "Dyad GetRate - Minimal Request",
      "request": {
        "method": "POST",
        "header": [
          {
            "key": "Content-Type",
            "value": "application/json",
            "type": "text"
          }
        ],
        "body": {
          "mode": "raw",
          "raw": "{\n  \"SignonRq\": {\n    \"SignonPswd\": {\n      \"CustId\": {\n        \"CustLoginId\": \"SLBGROUP\"\n      }\n    }\n  },\n  \"InsuranceSvcRq\": {\n    \"RqUID\": \"{{guid}}\",\n    \"IRH_QuoteNo\": \"MIN-{{$timestamp}}\",\n    \"IRH_Application_Name\": \"Minimal Test\",\n    \"IRH_Application_Type\": \"QRB\",\n    \"IRH_Request_Type\": \"QUOTE\",\n    \"comIRH_CarrierRequestExt\": {\n      \"comIRH_CarrierInfoExt\": [\n        {\n          \"IRH_CarrierName\": \"USLI\",\n          \"IRH_AdmittedStatus\": \"N\"\n        }\n      ]\n    }\n  }\n}",
          "options": {
            "raw": {
              "language": "json"
            }
          }
        },
        "url": {
          "raw": "{{baseUrl}}/api/dyed/getrate",
          "host": ["{{baseUrl}}"],
          "path": ["api", "dyed", "getrate"]
        },
        "description": "Minimal Dyad GetRate request with only required fields"
      },
      "response": []
    },
    {
      "name": "Dyad GetRate - Error: Missing RqUID",
      "request": {
        "method": "POST",
        "header": [
          {
            "key": "Content-Type",
            "value": "application/json",
            "type": "text"
          }
        ],
        "body": {
          "mode": "raw",
          "raw": "{\n  \"SignonRq\": {\n    \"SignonPswd\": {\n      \"CustId\": {\n        \"CustLoginId\": \"SLBGROUP\"\n      }\n    }\n  },\n  \"InsuranceSvcRq\": {\n    \"IRH_QuoteNo\": \"ERROR-TEST\"\n  }\n}",
          "options": {
            "raw": {
              "language": "json"
            }
          }
        },
        "url": {
          "raw": "{{baseUrl}}/api/dyed/getrate",
          "host": ["{{baseUrl}}"],
          "path": ["api", "dyed", "getrate"]
        },
        "description": "Test request missing RqUID - should return 400 Bad Request"
      },
      "response": []
    },
    {
      "name": "Dyad GetDocument",
      "request": {
        "method": "POST",
        "header": [
          {
            "key": "Content-Type",
            "value": "application/json",
            "type": "text"
          }
        ],
        "body": {
          "mode": "raw",
          "raw": "{\n  \"SignonRq\": {\n    \"SignonPswd\": {\n      \"CustId\": {\n        \"CustLoginId\": \"SLBGROUP\"\n      }\n    }\n  },\n  \"InsuranceSvcRq\": {\n    \"RqUID\": \"{{guid}}\",\n    \"IRH_QuoteNo\": \"Q123456\",\n    \"DocumentType\": \"Quote\"\n  }\n}",
          "options": {
            "raw": {
              "language": "json"
            }
          }
        },
        "url": {
          "raw": "{{baseUrl}}/api/dyed/getdocument",
          "host": ["{{baseUrl}}"],
          "path": ["api", "dyed", "getdocument"]
        },
        "description": "Get document from Dyad"
      },
      "response": []
    }
  ]
}
